inchi,inchikey,smiles_rea,ylds,PN,size,size_unit,price,price_unit,price/size,price/size_unit,company,BG
"InChI=1S/C10H12O2/c1-3-4-8-5-6-9(11)10(7-8)12-2/h3,5-7,11H,1,4H2,2H3",RRAFCDWBNXTKKO-UHFFFAOYSA-N,C=CCc1ccc(O)c(OC)c1,35.23325,1,25,ml,29,$,1.16,$/ml,TCI,1
"InChI=1S/C10H14O/c1-2-3-4-9-5-7-10(11)8-6-9/h5-8,11H,2-4H2,1H3",CYYZDBDROVLTJU-UHFFFAOYSA-N,CCCCc1ccc(O)cc1,7.673837,1,5,g,63,$,12.6,$/g,TCI,1
"InChI=1S/C12H18O/c1-2-3-4-5-6-11-7-9-12(13)10-8-11/h7-10,13H,2-6H2,1H3",SZWBRVPZWJYIHI-UHFFFAOYSA-N,CCCCCCc1ccc(O)cc1,12.29805,1,5,g,108,$,21.6,$/g,TCI,1
"InChI=1S/C10H14O2/c1-3-4-8-5-6-9(11)10(7-8)12-2/h5-7,11H,3-4H2,1-2H3",PXIKRTCSSLJURC-UHFFFAOYSA-N,CCCc1ccc(O)c(OC)c1,27.25486685,1,100,g,62.2,$,0.622,$/g,Sigma-Aldrich,1
"InChI=1S/C9H10O3/c1-6(10)7-3-4-8(11)9(5-7)12-2/h3-5,11H,1-2H3",DFYRUELUNQRZTB-UHFFFAOYSA-N,COc1cc(C(C)=O)ccc1O,0,0,25,g,69,$,2.76,$/g,TCI,1
"InChI=1S/C9H12O/c1-2-3-8-4-6-9(10)7-5-8/h4-7,10H,2-3H2,1H3",KLSLBUSXWBJMEC-UHFFFAOYSA-N,CCCc1ccc(O)cc1,0,0,5,g,49,$,9.8,$/g,TCI,1
"InChI=1S/C11H14O3/c1-2-3-8-14-11(13)9-4-6-10(12)7-5-9/h4-7,12H,2-3,8H2,1H3",QFOHBWFCKVYLES-UHFFFAOYSA-N,CCCCOC(=O)c1ccc(O)cc1,0,0,5,g,16,$,3.2,$/g,TCI,1
"InChI=1S/C8H10O2/c9-6-5-7-1-3-8(10)4-2-7/h1-4,9-10H,5-6H2",YCCILVSKPBXVIP-UHFFFAOYSA-N,OCCc1ccc(O)cc1,0,0,25,g,44,$,1.76,$/g,TCI,1
"InChI=1S/C6H5BrO/c7-5-1-3-6(8)4-2-5/h1-4,8H",GZFGOTFRPZRKDS-UHFFFAOYSA-N,Oc1ccc(Br)cc1,0,0,1,g,19,$,19,$/g,TCI,1
"InChI=1S/C6H6O/c7-6-4-2-1-3-5-6/h1-5,7H",ISWSIDIOOBJBQZ-UHFFFAOYSA-N,Oc1ccccc1,0,0,25,g,21,$,0.84,$/g,TCI,1
"InChI=1S/C8H8O3/c1-11-8-4-6(5-9)2-3-7(8)10/h2-5,10H,1H3",MWOOGOJBHIARFG-UHFFFAOYSA-N,COc1cc(C=O)ccc1O,0,0,25,g,31,$,1.24,$/g,TCI,1
"InChI=1S/C9H10O/c1-2-5-8-6-3-4-7-9(8)10/h2-4,6-7,10H,1,5H2",QIRNGVVZBINFMX-UHFFFAOYSA-N,C=CCc1ccccc1O,0,0,25,g,23,$,0.92,$/g,TCI,1
"InChI=1S/C9H12O3/c1-12-9-6-7(4-5-10)2-3-8(9)11/h2-3,6,10-11H,4-5H2,1H3",XHUBSJRBOQIZNI-UHFFFAOYSA-N,COc1cc(CCO)ccc1O,21.27906025,1,2.5,g,165.3,$,66.12,$/g,Sigma-Aldrich,1
"InChI=1S/C9H10O/c1-2-3-8-4-6-9(10)7-5-8/h2,4-7,10H,1,3H2",RGIBXDHONMXTLI-UHFFFAOYSA-N,C=CCc1ccc(O)cc1,0,0,0.25,g,124,$,496,$/g,TCI,1
"InChI=1S/C10H14O3/c1-3-13-7-8-4-5-9(11)10(6-8)12-2/h4-6,11H,3,7H2,1-2H3",KOCVACNWDMSLBM-UHFFFAOYSA-N,CCOCc1ccc(O)c(OC)c1,22.64991,1,5,g,98,$,19.6,$/g,TCI,0
"InChI=1S/C13H20O/c1-2-3-4-5-6-7-12-8-10-13(14)11-9-12/h8-11,14H,2-7H2,1H3",KNDDEFBFJLKPFE-UHFFFAOYSA-N,CCCCCCCc1ccc(O)cc1,10.7374,1,5,g,83,$,16.6,$/g,TCI,0
"InChI=1S/C9H10O3/c1-6-3-4-8(10)7(5-6)9(11)12-2/h3-5,10H,1-2H3",JQYUQKRFSSSGJM-UHFFFAOYSA-N,COC(=O)c1cc(C)ccc1O,12.23,1,5,g,79,$,15.8,$/g,TCI,0
"InChI=1S/C8H10O3/c1-10-6-3-4-7(9)8(5-6)11-2/h3-5,9H,1-2H3",MNVMYTVDDOXZLS-UHFFFAOYSA-N,COc1ccc(O)c(OC)c1,10.02486162,1,1,g,151,$,151,$/g,TCI,0
"InChI=1S/C9H10O2/c1-7(10)6-8-2-4-9(11)5-3-8/h2-5,11H,6H2,1H3",VWMVAQHMFFZQGD-UHFFFAOYSA-N,CC(=O)Cc1ccc(O)cc1,0,0,5,g,50,$,10,$/g,TCI,0
"InChI=1S/C16H20O/c17-15-3-1-14(2-4-15)16-8-11-5-12(9-16)7-13(6-11)10-16/h1-4,11-13,17H,5-10H2",KZMYFIUFUAOZHP-UHFFFAOYSA-N,Oc1ccc(C23CC4CC(CC(C4)C2)C3)cc1,3.13146,0,1,g,39,$,39,$/g,TCI,0
"InChI=1S/C15H21NO5/c1-15(2,3)21-14(19)16-12(13(18)20-4)9-10-5-7-11(17)8-6-10/h5-8,12,17H,9H2,1-4H3,(H,16,19)",NQIFXJSLCUJHBB-UHFFFAOYSA-N,COC(=O)C(Cc1ccc(O)cc1)NC(=O)OC(C)(C)C,0,0,5,g,58,$,11.6,$/g,TCI,0
"InChI=1S/C10H10O4/c1-14-9-6-7(2-4-8(9)11)3-5-10(12)13/h2-6,11H,1H3,(H,12,13)",KSEBMYQBYZTDHS-UHFFFAOYSA-N,COc1cc(C=CC(=O)O)ccc1O,2.268707483,0,1,g,91,$,91,$/g,TCI,0
"InChI=1S/C9H10O2/c1-6-3-4-8(7(2)10)9(11)5-6/h3-5,11H,1-2H3",LYKDOWJROLHYOT-UHFFFAOYSA-N,CC(=O)c1ccc(C)cc1O,0,0,5,g,76,$,15.2,$/g,TCI,0
"InChI=1S/C8H10O3/c1-10-7-4-3-6(9)5-8(7)11-2/h3-5,9H,1-2H3",SMFFZOQLHYIRDA-UHFFFAOYSA-N,COc1ccc(O)cc1OC,0,0,5,g,97,$,19.4,$/g,TCI,0
"InChI=1S/C7H7BrO2/c1-10-7-4-5(8)2-3-6(7)9/h2-4,9H,1H3",WHSIIJQOEGXWSN-UHFFFAOYSA-N,COc1cc(Br)ccc1O,0,0,5,g,84,$,16.8,$/g,TCI,0
"InChI=1S/C14H22O2/c1-2-3-4-5-6-7-12-16-14-10-8-13(15)9-11-14/h8-11,15H,2-7,12H2,1H3",HFRUPPHPJRZOCM-UHFFFAOYSA-N,CCCCCCCCOc1ccc(O)cc1,0,0,5,g,115,$,23,$/g,TCI,0
"InChI=1S/C9H12O/c1-2-5-8-6-3-4-7-9(8)10/h3-4,6-7,10H,2,5H2,1H3",LCHYEKKJCUJAKN-UHFFFAOYSA-N,CCCc1ccccc1O,0,0,25,ml,77,$,3.08,$/ml,TCI,1
"InChI=1S/C13H10O2/c14-12-9-5-4-8-11(12)13(15)10-6-2-1-3-7-10/h1-9,14H",HJIAMFHSAAEUKR-UHFFFAOYSA-N,O=C(c1ccccc1)c1ccccc1O,0,0,5,g,55,$,11,$/g,TCI,0
"InChI=1S/C7H8O2/c8-5-6-3-1-2-4-7(6)9/h1-4,8-9H,5H2",CQRYARSYNCAZFO-UHFFFAOYSA-N,OCc1ccccc1O,0,0,25,g,93,$,3.72,$/g,TCI,1
"InChI=1S/C18H27NO3/c1-14(2)8-6-4-5-7-9-18(21)19-13-15-10-11-16(20)17(12-15)22-3/h6,8,10-12,14,20H,4-5,7,9,13H2,1-3H3,(H,19,21)",YKPUWZUDDOIDPM-UHFFFAOYSA-N,COc1cc(CNC(=O)CCCCC=CC(C)C)ccc1O,2.819664,0,1,g,77,$,77,$/g,TCI,0
